create table dept(
	DEPTNO int(2),
    DNAME varchar(14),
    LOC varchar(13)
);

INSERT INTO dept values(10, 'ACCOUNTING', 'NEW YORK');
INSERT INTO dept values(20, 'RESEARCH', 'DALLAS');
INSERT INTO dept values(30, 'SALES', 'CHICAGO');
INSERT INTO dept values(40, 'OPERATIONS', 'BOSTON');


create table emp(
	EMPNO int(4),
    ENAME varchar(10),
    JOB varchar(9),
    MGR int(4),
    HIREDATE date,
    SAL double(7,2),
    COMM double(7,2),
    DEPTNO int(2)
);



INSERT INTO emp values(7369,'SMITH','CLERK',7902,'1980-12-17',800,NULL,20);
INSERT INTO emp values(7499,'ALLEN','SALESMAN',7698,'1981-02-20',1600,300,30);
INSERT INTO emp values(7521,'WARD','SALESMAN',7698,'1981-02-22',1250,500,30);
INSERT INTO emp values(7566,'JONES','MANAGER',7839,'1981-04-02',2975,NULL,20);
INSERT INTO emp values(7654,'MARTIN','SALESMAN',7698,'1981-09-28',1250,1400,30);
INSERT INTO emp values(7698,'BLAKE','MANAGER',7839,'1981-05-01',2850,NULL,30);
INSERT INTO emp values(7782,'CLARK','MANAGER',7839,'1981-06-09',2450,NULL,10);
INSERT INTO emp values(7788,'SCOTT','ANALYST',7566,'1987-04-19',3000,NULL,20);
INSERT INTO emp values(7839,'KING','PRESIDENT',NULL,'1981-11-17',5000,NULL,10);
INSERT INTO emp values(7844,'TURNER','SALESMAN',7698,'1981-09-08',1500,0,30);
INSERT INTO emp values(7876,'ADAMS','CLERK',7788,'1987-05-23',1100,NULL,20);
INSERT INTO emp values(7900,'JAMES','CLERK',7698,'1981-12-03',950,NULL,30);
INSERT INTO emp values(7902,'FORD','ANALYST',7566,'1981-12-03',3000,NULL,20);
INSERT INTO emp values(7934,'MILLER','CLERK',7782,'1982-01-23',1300,NULL,10);


create table salgrade(
	GRADE int(11),
    HISAL int(11),
    LOSAL int(11)
);

INSERT INTO SALGRADE VALUES (1,1200,700); 
INSERT INTO SALGRADE VALUES (2,1400,1201); 
INSERT INTO SALGRADE VALUES (3,2000,1401);
INSERT INTO SALGRADE VALUES (4,3000,2001);
INSERT INTO SALGRADE VALUES (5,9999,3001);